{"cameraMode":{"drawMode":0,"name":"Shaded","section":"Shading Mode"},"sceneLighting":true,"audioPlay":false,"sceneViewState":{"m_AlwaysRefresh":false,"showFog":true,"showSkybox":true,"showFlares":true,"showImageEffects":true,"showParticleSystems":true,"showVisualEffectGraphs":true,"m_FxEnabled":true},"in2DMode":false,"pivot":{"x":-8.389900207519532,"y":4.605684280395508,"z":12.286524772644043},"rotation":{"x":0.013216822408139706,"y":-0.28976038098335268,"z":0.004000097047537565,"w":0.9570027589797974},"size":13.4064302444458,"orthographic":false}